PropertyID,PropertyEvaluationvalue
11364,886025.0
11219,496306.25
10312,360958.8
11427,964340.0
10465,495407.55
11239,419656.0
10473,421500.0
11235,884985.0
11422,424867.75
11355,1116899.95
10312,610273.1
11357,1030799.0
11355,716709.65
11223,586325.0
10466,513097.25
10306,590200.0
11364,1048532.3
10469,480965.35
11360,1131836.15
11205,1652418.05
11365,604900.0
11422,480450.0
11231,1467300.0
11433,603669.0
11238,879087.15
10469,610020.55
10308,424585.0
10460,2060398.7666666664
10304,304136.6666666666
11236,699158.4
11239,419656.0
10474,1652547.55
10307,802840.1
11234,667430.0
11367,629075.15
11234,420250.0
11692,672942.1
10310,422475.0
10308,585040.0
10307,670513.8
10306,401480.2
10306,525962.5
11004,763250.0
10314,482059.95
10309,579817.5
11219,811313.1
10306,1022973.65
11362,683588.8
10301,312640.6
10310,529344.5
11373,888854.8
10312,365547.7
10302,385860.0
10128,2083500.0
10309,641970.35
10305,500750.0
11423,451598.95
10312,286340.0
11370,865955.0
10069,2796937.95
11358,713325.0
10314,439830.0
10305,877091.3
10307,555978.5
11378,699850.0
10312,653397.55
10003,1402990.3
10019,129688.11389351333
10314,401473.05
11434,288250.0
11435,922464.55
11221,1062750.0
11236,601100.0
10032,392812.75
11236,650900.0
10306,493088.05
10314,465011.3
11228,1692916.65
11379,1156300.0
11411,415045.05
11362,679652.5
11414,524860.4666666667
11411,721298.0
10309,443845.0
11362,1150104.9
10304,2659500.0
10314,600250.0
11355,1318000.0
10314,727799.9
11434,499614.6
11354,1037080.4
10314,374062.5
11365,617250.0
10470,329017.5
10309,438448.25
11230,769745.75
10312,420335.0
11201,4378853.45
11216,887349.9
10465,460284.625
11368,2099711.7
11692,403500.0
11364,1349734.6
11365,804350.0
10312,315270.0
11413,638417.4
11434,375840.75
11433,396829.9
11385,695173.3
10471,1014441.25
10314,594309.4
11413,523850.1
11105,706500.0
10469,646026.75
11217,1744951.85
11366,938700.0
11360,1168900.0
10314,2979317.1
11366,527094.4
10304,381335.0
10305,432382.0
10308,568850.0
11433,395598.5
11103,910800.0
10473,485904.0
11229,636050.0
11229,586250.0
10305,440475.0
10309,443205.0
10465,350767.5
11219,800426.6
11411,353418.5
11224,2253910.0
10467,551821.45
10312,405425.0
11367,755369.4
10019,3548157.45
11364,708418.7
11106,933900.0
10305,381548.0
11365,819900.0
10473,798750.0
10314,446380.0
11004,489100.0
11370,593350.0
11355,996028.35
11365,1024855.1
10304,928300.0
10002,919170.7
11228,650000.0
10452,5650258.4
11432,632550.0
10469,389682.0
11434,405055.25
11373,982972.05
10462,384523.25
11236,617073.5
11420,802000.0
10312,511335.7
10469,467375.0
11375,828176.0707407407
10307,345855.0
10305,659225.0
11417,748018.9
10022,877195.9
10016,1471728.6
11691,477617.3
11234,667136.9
11412,480244.65
11414,615125.0
10314,531706.7
10312,534450.0
10019,129688.11389351333
11234,695715.2
10465,620445.0
10314,463096.0
11378,775895.0
11354,813280.3
10306,533520.0
11360,711495.5
10022,560527.5
10309,2936750.0
10314,238650.0
11357,907694.4
10027,966976.1
11221,3113508.9
11354,1333207.4
10463,798571.2
10305,460233.6
10069,2300279.05
11367,846561.6
10469,383675.45
11233,1019665.55
11364,623900.0
11214,488050.0
11436,602800.0
11234,1448250.0
11236,512350.0
10019,129688.11389351333
11216,526908.7
10308,1240422.1
11220,411528.25
11364,617750.0
10305,515949.95
11228,1086150.0
10469,427772.6
10032,501281.15
10022,1513016.8
10309,571130.6
10455,574408.3333333334
10304,504808.35
11367,463425.0
10312,482495.25
11234,654250.0
10305,567329.0
11364,858150.0
10309,415834.0333333333
11208,1008875.0
10306,623652.8
11357,986842.4
11229,625310.7142857143
11414,698175.1
11209,634150.0
10305,571841.1
10308,459545.0
10314,667070.0
10312,648898.65
10312,438355.0
11360,1134500.0
11236,540250.0
11211,801533.7
10465,504950.0
11355,1105450.0
11207,507225.0
11214,306650.0
11001,536833.15
10309,391235.0
11365,548991.6666666667
11372,433050.0
11364,458650.0
11435,857173.0
10309,456337.5
11101,1352109.65
11358,885674.55
10312,593175.0
11366,409000.0
10002,4169710.95
11238,946425.0
10309,644499.65
10306,476846.5
11694,719774.25
10303,570590.0
11434,453362.25
10303,343237.4
10314,506349.8
10314,482327.3166666666
10312,787191.65
11370,841798.4
10312,779508.05
11377,1464350.0
11429,2352091.05
10473,389863.07999999996
10306,414672.5
11360,712973.2
11229,562310.65
11201,608815.1
10453,1084269.8
11364,795394.4
11435,691025.0
10304,450822.6
10465,489742.8
11203,666050.25
10314,329187.5
10308,509233.8
11004,560986.15
11362,1082259.55
10309,459669.95
11362,791650.0
11223,866950.0
11360,683700.0
10314,614902.5
10314,781950.0
11358,935800.0
11354,889615.45
10471,1372625.0
10312,548900.0
11101,604284.0
10306,638215.0
11422,371600.0
10314,1432520.75
11236,411270.01666666666
11001,416549.5
10305,389900.0
10314,517265.0
10314,597100.0
10465,506350.0
11368,797150.0
10309,753065.1
10009,4875571.7
10459,434455.7
10312,369550.0
10314,522127.9
11201,2068333.1
10459,411389.9
10314,367400.0
10314,420450.0
10473,670007.85
11365,600410.85
11435,608327.7
11379,755500.0
10309,922752.0
10309,872225.0
10312,720782.875
10308,516316.225
10312,651235.7
11423,616650.0
11229,640600.0
10455,538795.0
11412,456116.25
11223,517075.0
10304,282943.75
10309,408748.45
11233,603013.7
10303,306900.0
10314,469803.45
11356,805950.0
10306,447011.6
11420,380182.3
10312,458805.0
10312,449497.6
11366,947450.0
11208,458716.6666666667
11223,902359.05
11101,716177.5
11101,794128.9
10314,585755.55
11434,532378.7
11374,639700.0
11229,501140.2
10306,585325.0
10309,463577.5
11378,772301.6
10312,885287.75
11415,5065816.95
11103,1143650.0
11215,1426798.9
11426,485116.9
10312,340812.5
11201,863155.0
10306,480480.55
11420,536818.3333333334
10310,728157.7
11236,571450.0
11201,3870272.25
10312,529450.0
10306,602469.95
11235,934177.5
10309,470995.0
11373,953355.0
11377,903414.75
10303,340687.9
11360,638450.0
11365,986675.0
11355,573868.0
10473,416442.45
11229,495938.1
10032,6133296.0
10309,379024.45
11219,1228000.0
10312,558536.45
11365,981439.1
10306,1246535.7
10312,454700.0
10314,532103.6
11364,683775.5
10459,422602.4
11357,693275.0
10461,1216749.95
10460,507050.0
10309,401635.0
11412,403597.5
10314,566657.5
11429,603940.0
11379,775800.0
11414,609518.25
11411,306050.0
10304,644395.0
10312,528180.0
11206,500062.85
10473,387621.1
10306,862400.05
11357,1059286.15
11236,504754.5
11249,902182.7
11362,723100.0
10312,518449.95
11691,626350.0
10314,1348576.0
10314,402548.35
10301,332671.56875
10307,744545.1
10472,2404457.6
10016,856354.45
10021,1555892.9666666668
10308,589405.7
10019,129688.11389351333
11691,531895.0
10307,483050.0
10472,572147.95
11426,502725.0
11222,2687000.0
11219,1122779.15
10472,618219.15
10314,464300.0
10310,454000.0
11422,667145.45
10312,609150.0
11426,578924.95
10314,580415.0
11423,1330107.1
11432,916300.25
10312,419140.95
10312,400550.0
11358,477900.0
11428,486089.5
11234,777550.0
11106,703407.5
11205,783216.05
10466,432798.25
10312,314425.0
11201,534928.9
11377,678914.8
11215,1249591.4
11413,359183.45
11004,646509.45
10019,129688.11389351333
10302,479987.5
11229,1076397.25
11413,450270.0
11416,548650.0
10312,331689.0166666667
11378,828700.0
10002,1344099.7
10469,521897.3
10309,586675.0
11106,1600090.05
11421,568725.0
10467,468570.0
10465,505300.9
11229,649214.5
10312,341842.65
10003,2218272.25
11433,657360.2
11369,452500.0
10314,612128.0
11433,531150.0
10301,664500.0
11004,592236.75
10309,498649.7
10306,873911.3
11237,1892865.1
10305,674445.5
10472,702322.0
11236,527700.0
10303,402626.1
11225,746075.0
10312,638735.75
11422,340150.0
10036,1051368.05
11379,541382.8
10465,385348.2
11361,762450.0
10016,1375630.95
10312,465213.5
10312,595595.0
11694,704303.4
10314,404249.8
11426,608475.0
11358,479101.25
10306,371835.0
10010,1762612.55
11367,1395499.8
11221,767775.0
11364,972100.0
11214,646648.95
11234,681346.5
11365,755500.0
11435,786067.35
11416,505800.0
11354,1213447.8
10314,583850.0
11365,514200.0
10312,459550.0
11216,2907500.0
11411,436638.95
11436,455865.0
10314,469314.25
11354,654135.75
10453,5384254.2
11234,718500.0
10029,849306.45
11373,878900.0
11356,764892.05
11234,610750.0
10002,2503362.8
11433,600758.9
10308,542725.0
10308,563325.0
10023,1030300.0
10474,527037.5
10308,459520.65
10308,875356.9
10314,399244.35
10305,488963.75
11216,951975.0
11358,1056904.2
10314,499465.0
10452,2310581.0
10306,520460.0
10469,495215.0
11205,508299.9
11426,510384.35
11356,838126.0
11367,647150.0
11201,4762063.35
10303,363746.25
10301,2749862.65
11236,608362.1
11427,416060.0
11362,1293180.6
10308,557101.8
11364,1083469.25
10304,389469.15
10312,453445.0
11691,286965.0
11370,997950.0
11223,3293673.25
10308,672517.9
10312,352802.75
11235,667796.5
10308,472100.2
10032,492101.9
10312,423535.0
10314,622516.05
11357,841300.0
11236,449066.25
10466,343940.75
10308,527990.5
11219,573800.0
11364,661125.0
11433,382200.0
10312,794425.0
10312,628805.25
10303,330414.86666666664
11413,514421.0
11365,913073.8699999999
11691,474250.0
10314,351751.2
11361,852845.9
11225,1143644.7
10464,839035.0
11411,488088.5
11208,309250.0
10469,343335.61666666664
10465,482268.5666666666
11214,633487.5
10314,424749.95
11378,2116014.55
11249,1055070.0
11413,333180.0
11216,786944.05
11434,379092.6
11379,810436.15
10462,719944.4
10312,489815.5
10467,556100.15
10075,2597517.2
10301,616900.0
10308,447450.0
11215,1775441.45
11694,780774.9
11429,483050.0
11361,910375.0
10314,639100.0
11356,572990.05
10306,453478.55
11204,717670.95
11412,573130.0
10314,458965.5
10307,792750.0
11217,2066995.3
10469,484294.1
10471,507325.0
10309,463189.55
11004,655575.0
10309,584628.15
11373,839400.0
11234,480413.75
11365,905073.8699999999
11357,1045213.75
11236,695035.0
11368,729814.05
11357,778600.0
11234,569850.0
10314,523512.5
11365,539050.0
11004,517550.0
10309,546420.8666666666
11234,626741.7
11358,1027699.95
11373,1143900.0
11365,592405.6
11214,463879.8
11411,284850.0
10306,527904.05
11220,3035224.0
10314,439800.0
11360,396600.0
10036,824970.0
10312,483403.75
11234,4526248.4
10312,485863.8
11369,863461.7233333334
11413,565936.6666666666
11219,860600.0
11101,651581.45
11434,566137.25
10128,2600058.45
11411,439648.9
11355,814213.7
11216,1299969.65
10466,364364.1
11204,518001.9
11356,471326.9
10128,860272.05
11693,315062.5
11691,338584.45
10308,449637.5
11221,1012756.225
10312,458985.74000000005
10312,451120.0
11412,386119.75
10022,796017.9
11234,1141059.3
11357,844100.0
10308,481986.9
11363,1140375.0
10309,396355.73333333334
10472,535122.3
11691,510377.6
10314,450275.0
10304,641075.0
11378,961497.4
10308,436006.3
11228,928713.55
11211,1530106.3
10314,647933.95
10469,787825.0
10308,1154015.45
11234,501771.9
11229,694000.0
10469,483177.9333333334
11370,840250.0
10473,409983.3333333333
11229,569925.0
11234,775550.0
11363,949994.75
11377,894136.55
11224,978120.5
11365,868150.0
10455,971442.2
10310,573001.35
11219,953825.0
11411,486100.0
11364,951794.35
10306,393750.0
11413,438393.5
10314,604787.5
11366,599250.0
11231,1813074.75
10304,599872.6
11214,1026032.3
10306,491596.65
11236,492726.25
10022,821818.75
11427,536425.0
10304,622200.0
11413,524308.05
10467,345370.0
10025,1704485.6
10032,1105674.7
11412,849295.35
10465,507392.5
11357,685200.0
10307,652818.9166666666
11364,792835.0
11354,950873.9
11231,3196476.15
11364,879492.4
10314,244007.0
10314,547941.95
11373,777345.65
11364,855588.8
11216,942474.8083333332
10308,529033.15
10312,437041.5
11236,639915.25
10304,522058.3
10307,510800.0
11216,1327048.0
10312,841235.8
11379,738635.1
11365,627150.0
10305,448964.4
11422,646250.0
10312,540538.8
11222,1236525.0
10467,196250.0
11214,761887.5
11368,1693932.5
10065,3706650.0
10306,476030.6
10466,340800.0
11413,517792.3666666666
10306,539385.0
11374,544528.7
11385,5049650.0
11429,461723.5
11208,851000.0
10002,1299044.0
11370,591250.0
11357,1065074.25
11432,696250.0
10314,695939.55
10465,413229.1
11207,566600.0
11354,1037080.4
11216,831578.55
11366,855500.0
11364,622640.0
11356,1044624.25
11426,519025.0
10467,309174.0
11691,269443.6
10303,386812.5
11368,1102050.0
10466,390347.5
11221,817200.0
11427,934850.0
10314,537924.5
11373,991830.0
10467,405262.25
11101,1706976.9
10312,398850.0
11365,573609.35
11355,587780.25
10314,535453.8
11101,1479777.55
11206,538293.8
11235,810500.0
11377,891000.0
11372,789829.5
11435,2197687.5
10314,485228.0
10022,1040958.6
11364,448638.6
10309,893386.15
10306,300700.0
11379,695050.0
11364,877350.0
10314,491681.95
11357,1285585.15
10303,371007.425
11354,1381410.85
11433,511217.9
11362,881000.0
11435,320746.35
10312,622572.65
11233,973550.0
10304,360626.625
11373,881100.0
10002,2500738.4
11364,809889.65
11412,507490.35
10465,415575.0
11369,679708.49
11422,588159.5
11362,1084638.05
11208,613280.15
10314,349550.0
10306,638757.25
10312,544760.0
10314,558225.0
11361,854725.0
10312,345215.0
11207,450080.9
11221,911628.15
10314,500696.95
11214,600841.8
10465,420881.6666666666
11436,477065.0
11236,637477.2
10309,797662.95
11001,493638.75
11355,566183.2
11691,439670.8
10312,635175.0
11364,856250.0
10306,537700.0
11373,840450.0
11205,1045576.35
11369,571450.0
10314,382354.25
10305,438511.6
11223,798860.0
11436,594200.0
11370,982200.0
11413,602850.0
10031,4684537.5
11216,896435.9
10016,1319547.3
11217,2454224.0
10314,428544.4
11375,1064650.0
11421,669600.0
11434,445195.45
10301,572065.0
10308,475774.15
10312,704177.8
10304,817458.3333333334
11420,497786.5
10308,578250.0
11355,1309400.0
10305,489462.15
11435,564070.85
11229,550206.15
11368,666335.8
10314,577413.0
11360,1090500.0
11412,508626.4
11365,953650.0
11364,892833.2
11237,907187.5
11692,455705.95
10467,426196.4
10306,594916.0
10309,508980.85
11221,587750.0
11234,604980.0
11369,964515.0
10002,2584960.1
10304,230802.7
10314,266450.0
11379,475300.0
11236,3541125.0
10303,343560.0
11357,1013443.3
10312,559427.5
11001,592250.0
10308,590450.0
11411,290041.925
11365,610384.35
10306,726904.0
10471,408037.5
10312,497455.5
11375,556505.25
10306,767999.9
11434,325365.0
11414,681100.0
10309,832994.3333333334
10314,609575.0
10466,269950.0
11354,1120749.9
11434,1538660.0
10465,586691.3
11364,412350.0
10314,686033.3333333334
10314,624900.0
11357,840100.0
11355,564901.9
11360,882075.4
10457,353060.8
11234,2293989.95
11360,597944.4
11423,430899.05
10460,859456.25
11361,953772.6
11102,1775110.0
10306,355325.0
11207,1439450.0
11375,922561.3
10314,391100.0
11373,639180.6
11365,540698.4
11433,386555.85
10465,496262.725
11419,612925.25
11379,518223.25
11365,827294.4
11379,414650.0
11378,873090.0
10306,422224.2
11249,1612307.5
10314,417540.0
11101,1991212.5
11236,430295.95
10309,476306.9
11362,664312.5
10312,758914.4
11001,529350.0
11230,1066949.8
10310,389365.0
10305,398575.75
11432,782027.25
10469,410879.0
11235,577275.0
11426,689300.0
11358,1056735.85
11364,1214196.9
11358,922600.0
11378,564550.0
10019,129688.11389351333
10023,5161644.45
10019,4342333.5
10309,636400.0
10308,487008.3333333334
10473,457750.0
11436,446836.6666666666
10314,371225.0
11358,806300.0
10304,464241.2
11354,3229258.75
11230,660655.05
11356,690177.2
11238,1687187.7
11238,912907.15
11369,499375.0
10016,1652164.0
11208,712428.15
10307,680260.3
11106,2455049.8
10461,790254.0
11236,346081.6666666667
10303,275918.75
11224,460175.0
10466,596161.35
10314,415950.0
11357,487850.0
11212,431570.8333333333
10314,459142.0
10461,3992735.0
11373,2268395.0
11434,666470.3
10466,273155.0
10306,1368477.8
11235,495367.5
11215,703430.25
11692,438447.0
10312,667367.6166666667
11231,1137350.0
11426,389800.0
10314,486100.0
10312,383779.1
10462,3870920.55
10314,587334.8
11420,595275.0
11411,420236.5
10032,512480.15
11365,745550.0
11360,722750.0
10019,129688.11389351333
11361,797373.2
11355,1189632.9
10303,257638.5333333333
11379,495500.0
10304,240549.9
10473,444234.6
10303,358030.0
11234,507391.25
11413,640772.5
11230,1685225.0
10467,471743.75
11221,644341.9166666667
10305,596387.6
10306,638197.85
11365,464900.0
10128,2910088.8
11362,815218.75
10306,486476.6666666666
10312,426853.75
10306,517200.0
11204,620231.95
10312,472550.0
10301,424503.75
11215,2686892.5
10312,292595.0
10021,3104604.3
10312,544887.6
10459,491600.5
11366,822500.0
10312,495580.0
11434,419399.0
10463,614669.0
11204,550770.15
11358,898050.0
11692,454662.5
11373,1174800.0
10303,321149.5
10312,483291.1
10128,1027508.0
10465,418625.0
11357,674025.0
11230,3647692.2
10310,402850.0
11101,643916.05
10011,898373.8
11234,1077125.0
11101,1833866.75
10303,2574735.8
11204,908167.25
11413,309162.5
11004,657400.0
10465,485537.45
10312,413527.75
10473,447291.0
11221,903365.0
11379,482700.0
10465,536529.0
11422,295401.55
11434,366700.0
10465,370966.6
10305,496097.65
11692,510661.0
11411,473712.2
10312,551325.8
10465,236533.75
11427,477689.35
11373,852350.0
11373,716961.2
11235,779294.4
11365,783760.0
11358,663594.4
10469,510215.75
10019,1916267.7
11362,961560.6
11355,1126166.6
11101,1137624.5
11356,507375.0
10314,572574.7
10314,459450.0
10309,861900.0
10461,470625.0
10012,2301850.35
11691,431967.5
11357,1195356.85
10469,378919.1666666666
11365,925939.1
11691,496192.05
11427,566000.0
10314,395285.2
10309,874652.4
10312,431100.0
11365,1036109.1
11692,661322.3
11427,401916.85
11236,600488.15
11223,673854.4
11412,475405.85
11364,1007785.1
10016,1612750.0
11368,1026249.9833333332
10312,382420.0
10473,529150.0
11373,789025.1
11426,488050.95
11234,571492.5
11234,626799.2
10309,705337.0
10314,359875.0
10314,423418.8
10314,540862.5
11201,2082654.65
11217,2320603.35
10473,386499.4
11229,489100.0
11219,5408489.55
11412,322350.0
10457,791928.5
11691,524497.25
11106,755490.5
10302,472559.75
11362,1617155.8
10039,748840.0
10312,994705.55
11358,736639.15
11357,774050.0
11367,775122.95
10010,1734884.7
11419,3362798.1
11357,891350.0
10128,1020306.6
11433,406418.8
10304,323005.0
11221,603788.1
10473,230420.0
10312,423550.0
10461,522452.5
10312,724979.0
11412,351928.85
10029,1209335.35
10312,431100.0
11427,991431.45
10461,682006.9
10466,412412.5
11357,890075.0
10002,3029548.3
10309,849233.5
11370,858200.0
10303,332016.2583333333
10307,459372.5
11219,495899.85
10314,577395.0
10467,629906.05
10304,580658.35
11234,911442.8
11228,842200.0
10312,452450.0
11358,881940.05
10457,462950.0
10467,602587.65
11204,407031.5
10303,307026.5
10017,732233.6
10314,507887.4
11427,680650.0
10306,471459.35
11432,599850.0
11420,526310.0
11423,442750.0
11422,448765.0
11374,733367.2
10301,1281705.5
10309,549760.0
11201,1036062.05
11435,680960.15
10309,351775.0
11234,646927.55
10019,129688.11389351333
11433,542798.0833333334
10304,1226192.2833333332
11368,1038136.8
10309,1745276.0166666664
11413,319026.35
11426,648748.4
10465,431926.9
11361,1085877.1
10308,430185.0
10309,555100.0
11362,1145500.0
11357,1238574.55
11236,451923.3666666666
11356,837104.25
11104,1201550.0
10036,1027268.05
10312,485062.4
11367,468429.9
10314,448864.55
11233,816791.1
11228,1044133.35
11358,1025150.0
11357,518950.0
10314,502800.0
10011,2454360.4
10304,1608725.65
11101,1199381.1
10310,635750.0
11205,735082.7
11365,1016244.4
10027,645915.5
11219,872642.4
10312,444476.0
11434,525355.7
11214,1020500.0
11377,627900.0
11434,493380.95
11377,1148000.0
11370,403525.0
11367,1187232.3
10469,417026.15
10312,532870.9
11362,1108745.2
11355,1001558.7
10469,529996.4666666667
11429,434636.4
10306,526658.7166666666
10314,353250.0
10306,599380.0
11434,199212.5
11385,709900.0
10309,505656.3333333334
11378,3602031.0
11219,735816.6
11223,956400.0
10306,458343.6
11691,465050.0
11379,1410500.0
11364,929850.0
11366,617100.0
11692,395356.0
10306,640025.0
11372,1530985.45
10014,2209165.05
10314,623425.0
10469,601700.0
11422,709121.45
10306,448000.0
10467,334587.3333333333
11691,434727.15
11378,5782241.95
10310,371833.25
11233,901843.25
11365,1203472.05
10462,426853.5
11004,593750.0
10310,385640.0
11367,813750.0
11412,474251.9
10304,455392.5
11219,436324.2
10307,731447.55
11355,1054254.5
11692,900598.8
11433,387127.0
11379,819375.0
11105,1010400.0
10312,944219.2
11369,456975.0
11206,3412380.9
10012,1450528.65
11213,659707.0
11234,514939.6
10314,533142.6
11378,4574206.95
11361,1109801.55
10312,648707.0
10312,645650.0
10473,708865.45
10310,421644.9
11373,510850.0
11370,533166.6666666667
11230,909806.05
11236,674735.0
11230,829612.2
11412,532260.0
10301,1523875.0
10307,684143.1
11105,1010450.0
11211,1571370.8
11208,382134.9
10312,474628.75
11239,419656.0
10304,363834.5
10312,719084.55
11004,482750.0
11216,876026.3
11354,1882090.1
10461,518412.5
10312,631702.65
10464,735915.6
11214,974235.0
10308,574512.45
10314,324200.0
10314,431850.0
11214,605530.8
11374,603239.75
11691,514774.5
11370,701625.0
11364,886700.0
11207,959988.35
11212,356075.0
11374,730188.1
10314,623500.0
11377,1538567.3
10466,437377.6
10467,367158.325
11692,573206.0
10473,573759.3
10305,449700.0
10016,1435128.6
11357,611825.0
10309,401450.0
10019,129688.11389351333
10307,690336.5
10305,661298.7
11691,450217.8
11236,428286.65
10305,543223.9
11435,289743.35
10305,328017.0
11236,450561.9
11373,995250.0
11414,619300.0
10314,675802.6
11411,342975.0
11422,478618.47142857144
10304,279087.7
10019,129688.11389351333
11236,476261.0
10309,595800.0
11233,4009322.5
11692,382588.1
11234,598765.0
10312,614150.0
10312,374809.4
10314,682943.75
10017,986913.1
10308,528645.0
11234,943490.0
11234,938525.0
11236,456100.0
10312,494078.3
11379,875850.0
11417,320662.5
11364,888050.0
11358,570375.0
11691,544887.5
11365,587377.35
11373,1737000.0
10014,3182350.0
10303,599788.25
11234,972540.2
11422,530757.0
10462,588962.5
10029,6139691.05
10465,512989.95
10314,635820.0
10303,341226.73333333334
11206,1337908.8
11370,803640.0
11236,568012.0
11232,523930.25
11411,360550.0
10314,501870.75
10314,607650.0000000001
11364,982012.5
10312,238731.9
11413,415554.0
11004,365100.0
11211,2409018.05
11234,654002.0
10314,571063.45
11362,589950.0
11367,698125.0
10312,703900.0
11364,690800.15
11206,926437.0
11691,609827.6
11373,920962.15
10019,129688.11389351333
11417,557350.0
10301,480331.0
10303,374140.0
10308,385924.68333333335
11422,383888.1
11207,508040.9
11354,1247624.0
10306,415350.0
11205,2157027.15
10308,549840.35
11208,310549.0
11234,446874.25
10314,435637.5
11206,871926.0
11358,884543.3
10019,129688.11389351333
11357,888050.0
11004,624300.0
11234,3682083.3
11422,433938.85
11213,1000263.775
11236,493891.9
11434,573653.25
10303,484990.0
11356,459549.3
11434,2195427.75
11207,1078500.0
10469,562475.0
11365,687000.0
10019,1141983.35
10312,419315.4
11365,599168.7
10452,725858.05
11236,459131.1
10309,840961.3
10304,1407838.95
11229,711196.8
11357,705075.0
11364,925100.0
10308,808677.5
11218,763167.5
10469,321318.8
10469,439182.5
11217,1315074.95
11423,699962.5
10312,681620.375
11236,520143.5
11356,658325.0
11101,1445054.1
11416,505800.0
10459,296144.4
10308,877069.15
10309,440451.2
10469,1528209.2
10308,532872.0
10465,905687.4
11362,653850.0
11234,1277289.0
10312,362045.0
10308,463220.0
11367,866198.4
10466,332876.6666666666
10312,775750.0
11413,473306.1
11219,837245.1
10314,500425.0
11234,781476.7
11234,382450.0
10303,462132.5
11691,360450.0
11357,618100.0
11234,566855.0
10303,327668.75
10301,5143429.2
10303,346360.45
11423,851350.0
10310,337774.35
11414,469650.0
11234,2311250.0
11229,776637.55
10308,674226.65
10002,1645606.35
11209,875261.0666666668
11360,546275.0
11224,315050.0
10307,757876.05
10312,682200.0
11429,407377.3
10461,388506.15
10003,1489195.15
11422,588162.75
11208,529019.25
10455,319277.55
10465,433185.0
11219,887375.0
10009,3947657.4
11373,993165.85
11356,858705.4
10307,1113182.65
11361,818850.0
11377,1117999.9
10306,457528.1
10466,493582.6
11434,5507142.25
10453,699938.15
10306,508711.0
10470,580850.0
11364,939900.0
10312,315270.0
10303,417600.05
11367,440150.0
11370,895080.0
11211,1488282.2
10307,356383.3
11368,1163153.15
11378,737120.4
10309,665968.0
10469,384196.0
11420,740027.0833333333
10314,412899.65
10308,504484.9
11436,506310.1
10465,444825.0
11221,1783750.0
11420,297450.0
11413,488000.0
11367,741976.1
10309,890800.95
11362,598525.0
10314,488497.1
11692,450784.4
11355,1076767.95
11229,791650.0
11373,939074.5
10312,509106.775
10019,1878349.6
11427,588600.0
10473,426203.3
10312,342639.6
11221,829700.0
11414,720565.0
10314,440877.25
10457,447132.0
11412,285893.35
11434,307110.0
10465,550431.25
11361,950469.95
11422,407075.9166666666
10065,2761451.0
10310,376975.0
11234,404600.0
10308,780975.0
11234,538940.0
11356,749775.25
10128,3401822.4
11434,365617.025
11377,848763.45
11228,576900.0
10314,667423.8
10306,624350.0
11204,1362090.0
10314,679477.6
11236,734373.7
10304,577448.75
11361,951986.65
10309,1520499.0
10314,546888.65
11354,713850.0
11209,900275.0
10465,341892.6
11201,2975352.15
11368,641719.45
10465,339311.4
11436,432287.65
10306,445083.7
11215,1368051.5
10309,640752.5
10466,493996.9
11357,1235115.0
10002,1419262.55
10303,352037.75
11414,600300.0
10466,447825.0
10309,869713.6
10009,2460368.15
11218,923712.4
11413,423716.6666666667
11375,804800.0
10304,394247.2
11367,434275.0
10312,839975.05
11234,1822725.0
11234,679204.7
11434,680392.3
11358,941661.85
11427,979493.75
10465,649466.85
11001,741056.65
10304,298738.5
10314,2105980.8
11692,699024.8
11203,778028.5
11367,883975.0
10303,334700.0
10469,631287.5
10011,3493580.2
10307,677796.1166666667
10304,601359.35
10314,511150.0
10305,582273.3
11360,1116800.0
11364,1014110.0
11378,2111405.0
10473,478664.0
10314,502225.0
11427,721409.35
10065,3727039.5
10304,614839.3
10308,312505.35
10306,456545.0
11422,382299.4
10306,677292.05
11004,697500.0
10301,421434.7
11379,954839.0
10303,260773.4166666667
11229,561294.1
10312,467816.55
11367,703825.0
11236,626734.1
11230,512050.0
11367,748636.2
11223,784000.0
11364,822439.65
10309,783164.6
11356,1001942.9
10306,742904.9
11366,514350.0
10312,451000.0
11360,723225.0
10312,255197.2
10312,612700.0
11233,1101650.0
11233,839674.3
10473,345722.0
10467,298940.0
10314,598250.0
10310,433270.0
11373,852250.0
10467,401437.45
11203,719203.0
11377,897951.5
11237,1980014.7
10306,558425.0
11377,752625.0
11361,716500.0
10303,352864.7
11236,500375.0
11436,477925.0
11375,524925.0
11223,1141252.35
10019,129688.11389351333
10453,575027.8
11208,418300.0
10465,870808.05
11004,788300.0
10312,481403.55
10314,651416.9
10305,287745.0
10312,673620.5
11357,1131650.0
11411,700592.75
11414,672200.0
10301,472879.3
10473,393965.0
10472,4619244.1
11414,365150.0
11432,868527.8
10469,409149.95
11104,513803.25
11101,589006.85
11101,2179404.3
10308,522542.95
10304,353239.5
10461,393083.85
10312,514388.8
11422,425308.9
11362,976264.1
11433,467798.45
11234,426307.5
10314,396625.0
10306,1575775.1
11212,265426.7
10314,411652.1
11230,4365956.95
11234,650112.5
11357,722625.0
11433,584730.0
11230,909806.05
11362,746384.45
11378,572182.45
11204,987875.0
11207,516857.5
11418,756708.3333333334
10309,445924.5
11362,681402.5
10308,854895.0
11432,1457050.6
10304,1270714.6
11236,322250.0
10305,494728.0333333334
11355,517009.9
10307,937908.7
10308,693095.0
11214,683650.0
11203,626517.5
11214,462840.3
11236,589076.1
11422,504371.25
11103,887941.6666666667
11422,646216.0
11362,1138287.85
10306,578600.0
10309,683236.75
10303,329226.15
11370,854388.8
10461,399515.25
11364,524251.9
10010,1997119.4
10312,379006.4
11362,637000.0
10466,488500.0
11358,937685.85
10314,321625.0
10312,528340.0
11378,546100.0
10306,421812.0333333334
11368,713897.5
11378,753700.0
11004,3568300.05
11368,3276645.0666666664
10065,1772797.65
11362,808500.0
10309,993124.6
11433,345043.3333333333
11426,712850.0
10304,301897.65
11004,462325.0
10314,565840.5
11217,1888692.55
11358,848979.9
11101,712011.2
11423,319186.65
10308,531025.0
11360,1249487.5
11432,1141102.7
11368,1697027.85
11040,763566.15
11236,439427.45
10464,989232.65
11354,596307.9
10312,541823.74
11238,1779856.45
11236,522925.0
10469,454405.5
11364,727150.0
11366,684300.0
10305,416072.65
11434,595745.0
10309,548449.95
11411,452899.95
10314,515332.75
11234,710746.5
11378,850359.05
11229,623950.0
11203,698676.9833333333
10304,305255.55
11364,982399.8
10310,382875.0
11414,595237.5
11365,868050.0
11213,611787.4
11364,859875.0
10463,588287.5
11207,742292.5
10304,450308.75
10312,762885.35
11434,424775.0
11235,1118512.35
10026,5283622.55
10466,445920.0
10304,258700.0
11426,543800.0
10002,1042546.25
10312,405301.25
11357,1100636.55
11357,928050.35
10456,647544.5
11427,316398.95
11356,630171.0
10460,582147.1333333334
11417,697947.05
11435,1862075.1
11427,580350.0
11236,457436.25
10312,483050.0
10305,734720.5
11249,2620182.05
10309,784621.05
11427,387199.95
10302,470484.75
10473,420332.5
10460,690585.05
11234,709225.0
11416,711959.4
11216,1089844.65
11354,542100.0
11238,2112119.7
10307,637987.7
10466,544519.15
11420,310725.0
11357,764700.0
10022,821818.75
10312,438938.0
11357,963150.0
11385,489955.0
11358,1122604.65
11413,781419.9
10312,358550.0
11422,646752.0
11374,789525.0
11366,696586.6
10467,359892.3
10314,617000.0
10469,466283.25
11422,443725.0
11420,459089.4
10463,550356.5
11691,728995.0
11105,1047250.0
10466,398250.0
10312,424838.3333333333
10466,434737.4
10312,501250.0
11692,710350.0
11234,517270.0
10312,493900.0
11420,341661.0
10303,298310.05
11101,821457.0
11434,404008.75
10009,1145990.8
10314,665175.0
10314,290250.0
11429,392873.5
11210,1668543.5
10469,406120.0
10065,1396511.85
10308,585870.5
10312,418580.5
11434,448918.25
10469,515319.9
11207,611100.0
10314,480978.55
11205,1195938.35
11422,370016.35
11429,605787.5
11377,5227368.5
10465,588415.9666666666
11434,397035.0
10303,291310.45
11354,571715.5
11208,766506.7333333333
10302,519318.05
11365,1025824.8
11217,1562681.4
11004,634175.0
11234,475421.25
10306,535775.0
10304,1330520.75
10314,421894.95
10312,560461.55
11414,585004.25
11370,764050.0
11368,1245549.2
11102,646834.55
11414,566254.5
11366,962400.0
11219,1141650.0
10314,532079.4
10463,2612665.7
11426,499475.0
10469,402650.0
11413,487817.9
11365,483250.5
11223,1011863.1
11356,796250.0
10308,606100.0
11236,604545.0
11422,438053.5
11366,657350.0
10465,578441.2
11215,1091877.0
11203,527030.0
10305,517950.0
10303,337825.0
10466,589175.0
11434,443973.3333333333
10306,300700.0
11365,749886.8
10314,557963.55
11378,1046878.65
11223,446833.35
11234,824415.3
10306,485285.1
10465,715173.35
11229,486750.0
10312,771985.8
10473,434431.6
11420,591978.2166666667
10469,409961.9
11356,896584.35
10310,346581.45
10309,598380.35
11412,499845.0833333333
10314,489913.75
11422,377638.5
11355,778650.0
11201,4707137.2
10312,400900.0
10469,419325.0
10308,389782.5
10465,727573.3
10304,634353.9
11211,2186963.95
11433,433800.0
10306,592481.85
10312,559315.0
10314,477645.0
11358,1551179.45
11234,319075.0
11435,3305250.0
10314,465694.4
11236,448567.45
10314,534475.5
11426,891160.1
11422,559023.1
11214,1079555.0
10305,487988.5
10306,537950.0
11367,706873.4
11360,571996.7
11355,554144.4
11369,807450.0
10456,705550.0
11235,2309152.6
11357,579050.0
10309,592411.35
11374,413668.5
10465,425284.9166666666
10314,649126.6
11229,294000.0
11375,1152865.0
11004,610225.0
10029,592735.55
11435,443344.65
11427,658963.15
10309,718904.85
10309,428404.05
11236,598521.0
10314,532103.6
11236,556246.8
11436,521030.65
10023,1166791.4
11365,851093.3
10473,372212.5
11368,1036750.0
11356,563925.0
10308,418451.6666666666
11412,505000.0
10304,246739.9
11412,515495.7
10024,2901324.8
10308,466941.85
11692,724212.55
11357,808190.0
10021,1572378.85
11416,538629.2
10304,445095.1
11236,1125000.0
10308,751858.7166666667
11691,371548.65
11216,655767.6
11215,708009.2
11234,820750.0
10307,772561.75
11236,527871.0
10466,264633.3333333334
10312,478625.0
11420,469253.3333333334
11375,570910.1
11235,711212.5
11236,666312.5
11234,973975.0
11427,882555.6
11413,393625.55
11354,310790.95
11234,516466.5
10307,1155290.65
10306,611992.85
11004,623550.0
11385,865917.75
10314,602397.35
10309,606349.35
11411,439720.0833333333
11208,638500.0
10309,413635.0
11102,561272.55
11377,740900.0
10128,1903577.65
11367,689900.0
10469,348071.85
11365,587600.0
11216,477750.65
11356,993138.8
10312,608845.5
10304,533775.0
10306,436494.2
10314,717125.0
10465,423208.65
11413,575271.85
10306,387716.5
10314,418936.8
10303,297150.0
11414,665717.5
11101,521862.45
11354,1163268.7
10306,547844.9
10314,686174.95
10312,419563.8
10309,973339.55
10309,567161.2
10312,901691.4
10469,400830.1
11364,919232.5
10314,449387.5
10304,555119.8
10473,330000.0
11231,1437800.0
11432,732207.9
11360,435300.0
11414,609500.0
11366,613275.0
11102,652900.5
10314,659621.2
10312,799510.525
11357,888950.0
10469,388577.1
11378,1405545.0
11378,644513.05
11369,688044.25
11414,533350.0
10314,359875.0
10309,622200.0
11215,1064685.15
11694,631937.5833333334
10308,605300.0
10467,489081.6
10306,909220.0
10472,3767855.0
11433,536213.3333333333
11426,496400.0
11369,726550.0
10019,129688.11389351333
10314,712473.1
11355,1037393.1
10024,3657516.25
11236,698203.3
11413,370359.1
11370,645035.0
10304,557635.0
11229,451475.0
11222,478652.25
11364,911228.2
10306,566800.0
10314,508900.0
10469,339786.75
11238,2045034.15
11229,568062.5
10465,566682.5
10308,555546.0
11434,598279.25
10308,1277100.0
10304,335152.55
11422,537401.0
11235,560879.9
10309,453992.5
11238,1063614.5
11234,1031500.0
10452,692399.15
11208,364425.0
11236,485480.0133333333
10019,129688.11389351333
10460,516883.05
11372,2087386.9
10312,243385.95
11234,536650.85
10003,2093569.45
11236,484000.0
10304,2019437.95
11234,1003200.0
11004,546000.0
10465,444090.0
10312,491222.5
11207,416887.1666666667
11232,773765.3
10314,355248.3
11364,834750.0
11214,886890.0
10308,688720.4
10305,468029.75
10304,248239.9
11238,2146389.95
10312,462649.3
11236,513500.0
10309,562595.8
10308,466658.3333333334
10032,318131.0
11236,401662.5
10465,461562.5
10019,129688.11389351333
10465,635533.9
10312,598727.25
10019,129688.11389351333
11234,1033825.0
10314,400500.0
10306,586006.85
10312,512020.2
11434,288950.0
11213,448354.2666666666
10304,454734.5
10306,1167694.325
11004,620825.0
11367,518005.0
10461,179820.0
10304,338299.0
11422,367225.0
10314,717125.0
11234,704250.0
11364,646769.4
10470,390675.0
11365,861500.0
10314,406399.55
11364,921444.4
10303,310500.0
10312,467469.5
10308,525850.0
10309,525592.15
11225,881246.8
11412,650125.0
11385,448873.5
11436,477065.0
10002,1386617.0
10303,295367.5
10306,572399.95
11206,1590405.5
11212,5026838.45
10461,830233.9
10474,1810613.2
10016,1577493.65
10019,129688.11389351333
10457,728202.35
11365,519475.0
10305,369060.0
11693,746490.625
11362,785712.5
11217,2232692.9
11236,838850.0
11211,626127.85
11235,607500.0
11691,817964.7
11234,840657.5
10306,376385.0
11201,747400.0
11215,1306697.8
10309,406000.2
10309,389300.0
10306,498900.0
11357,482555.25
11233,715163.1
11236,412903.1666666667
10128,2198250.0
11238,1482195.6
11356,1410615.05
10312,676277.8
11365,798319.4
11434,436085.25
10305,697533.35
10309,428085.25
11207,488058.9
10065,930855.05
10303,318012.75
10314,548225.0
10469,321914.95
11208,364425.0
11378,5889625.0
11230,763514.6
10312,262357.5
11361,969940.0
10464,847652.75
10306,376385.0
10304,353850.0
10469,333744.6
11373,664200.0
10303,3300759.2
11239,419656.0
10016,860313.0
10308,604937.3
11220,1025450.0
10312,602742.5
11378,922848.75
10002,2701670.35
11236,589334.7
11355,579799.6
11238,2214931.85
11208,693075.0
11235,828567.5
11217,1562681.4
10469,249465.1666666667
11354,667839.8
10310,440960.5
11417,1460315.1
11373,538075.0
11411,538236.0
10304,416736.7
11354,913524.85
10312,332950.0
10304,447975.5
11373,647200.0
11370,911740.0
10019,1878349.6
10305,534834.4
11369,642308.49
11367,985450.0
10019,1909500.0
11434,394259.5
11357,997725.0
11229,508071.4
10465,458909.1666666667
11361,944536.65
11221,833821.45
11234,461450.0
10461,699990.05
11361,913849.25
11229,774092.55
11205,1374836.0
10469,717465.0
11357,584250.0
11206,426000.0
10314,455150.0
10029,721333.05
11225,635527.3
11211,777750.0
10128,1028088.55
11367,1069054.8
10010,1089692.8
10309,509122.75
11362,623900.0
10469,424631.6
11217,1783504.05
10019,129688.11389351333
10308,480481.5
10314,668340.0
11221,704550.0
11212,787728.25
11416,689652.5
11419,877877.8
11366,498750.0
11433,463861.25
11385,569866.2
11236,575197.5
11433,382200.0
11358,602544.4
10314,785070.85
11207,682025.0
11201,844903.4
10314,532664.8
10454,480245.0
10465,846474.5
10308,494811.0
11435,415247.45
11221,1300859.55
11422,579683.0
10469,685450.25
11226,985702.2
10314,450678.8
10305,476739.95
10466,482602.2
10463,2476090.0
11223,809375.0
10306,811675.0
11357,890725.0
11230,2655377.2
11205,1195938.35
10469,647521.4
11236,875261.6
11203,453886.25
11208,347727.45
11207,3809843.85
10309,602892.95
11216,846039.65
10306,307137.5
11354,1413542.15
11411,591179.9
11208,603380.15
11201,1704637.95
11040,667250.0
10310,399178.5
10025,954326.25
11426,531200.0
11216,634805.35
11357,915000.0
11358,680050.0
10304,596425.0
11211,1191717.85
11217,1586265.95
10306,485650.0
11422,428039.65
11101,502310.95
11433,344812.7
10467,1732221.85
11004,586400.0
10466,643083.8
10314,375775.0
11357,908525.0
10304,354541.0
11365,560613.2
11435,663200.0
11356,1330245.0
11377,699550.0
11214,448908.5
10459,871876.3
10308,450892.35
10128,1058173.3
11228,1137287.25
11212,375350.8333333333
11368,983180.0
11225,770693.8
11207,645666.4833333333
10467,289698.65
10312,664159.45
10308,480045.0
11422,626044.45
10310,361925.0
11370,937687.5
10306,677292.05
10306,420794.5
10019,129688.11389351333
10309,1021057.65
10012,4859104.4
11417,664690.1
10305,326349.5
11205,1863325.0
11432,747475.15
11101,803456.9
11414,396350.0
10302,351707.6
11368,957343.6
10314,452270.0
10019,1082525.0
10473,434408.9
10314,545863.55
11417,447450.0
10463,612270.0
10312,441175.0
10312,502300.0
11691,449085.5
10305,665474.15
11238,1466467.95
11234,844450.0
10019,129688.11389351333
11236,424410.0
10312,411169.5
11379,699200.0
11435,821225.0
11367,682336.6
11356,856450.0
11422,367766.6666666666
11249,1841700.0
11411,393395.85
11360,702225.0
10456,613209.7
10475,522758.35
10303,806168.5
11366,623550.0
10003,1025725.85
10128,2202250.0
10305,358973.0
11231,1824702.7
10467,321062.5
11355,594781.2
11354,597642.5
11354,1334072.9
11412,475904.45
10305,617821.1
11219,816872.85
11433,546889.0
11364,922440.0
11214,835223.3
11214,1121555.0
11004,589650.0
10312,436022.0
11422,422115.35
10306,601369.95
11211,1278155.0
11377,684913.9
11238,1537238.75
11001,493359.45
11411,354564.0
10314,436582.5
11234,567375.0
11372,2460172.25
11365,864568.3
10314,628335.3
10473,424897.35
11356,890850.0
10466,371766.6666666666
10472,480965.1
10465,441677.125
10309,662563.35
10312,390397.75
10304,383003.65
11103,887371.1
11378,575175.0
11229,658750.0
10309,463086.7
10461,311804.55
11220,1118750.0
11238,1304084.7
10312,467150.0
11238,1306825.0
11355,707843.0
11427,660925.9
10307,522679.5
11434,375837.0
10303,450332.65
11360,740900.0
11102,764606.9
10032,582305.55
10312,432250.0
11362,1151517.75
10469,561409.0
11694,1150375.0
11385,2010470.1
10308,425282.25
10016,1938971.8
10461,650382.05
11238,3376931.65
11379,638293.95
10309,871809.2
10309,558871.3
10312,1425848.6
11435,806679.2
10470,396982.5
11101,4567830.65
11434,327387.65
10465,341022.5
11694,889899.95
11694,2958765.35
11208,814358.1
11413,532483.5
10309,717475.0
10003,1462258.35
11426,735464.65
10472,487046.0
10465,570203.05
11362,734702.6
10305,490295.55
10308,523620.0
11214,857900.0
11101,1920205.35
10314,461058.35
11365,598800.0
10309,469452.25
11358,1034068.05
11413,511009.4
10314,451575.0
11101,1271495.15
11427,721775.0
11414,302980.65
11374,419718.5
10003,1078175.0
10305,526709.1833333333
10314,543095.5
10314,596236.9
11204,602171.25
10312,220193.85
11215,1204000.0
10465,437475.0
10302,673493.2833333334
10314,462780.55
11361,3309513.2
10474,1678727.55
11367,1200879.5
11413,632092.0
11413,210416.65
11201,1069493.4
11370,788080.5733333334
10312,880911.4
10305,483687.6
11236,605736.2
10306,1033052.35
11205,1915650.0
11354,324601.5
10308,523420.0
10314,617175.0
11357,843650.0
10314,816275.0
11214,474542.85
11216,1003281.4
11236,524340.0
10304,458897.25
11433,572855.6
11209,698722.5
10309,510304.8
10306,448454.15
10308,619803.0
11370,436000.0
10308,307500.0
10469,697569.6
11434,416395.0
11205,897993.5
10312,501744.4
10309,680720.5
11238,1306825.0
11249,813429.4
11694,501800.0
10314,609632.7666666667
11364,1075117.9
11357,854750.0
11213,894150.0
11429,217793.75
10312,481874.25
10312,420082.75
10312,442125.0
10314,463093.4416666667
11207,4273273.5
10465,385002.5
11235,1281413.65
11231,1973837.05
11357,766700.0
10308,561175.0
11373,898152.0
10304,502176.4
10305,639211.55
10303,1105285.0
10301,549104.05
11379,542330.25
10019,129688.11389351333
10314,616575.0
10460,717650.0
10302,345725.2
11354,617414.55
10308,504410.8
11365,597250.0
11206,446429.3
11357,712350.0
10459,522299.95
10309,812869.05
10466,567108.75
11235,348216.4
10312,929549.4
11354,814250.0
10464,410164.0
11238,1668380.2
10312,436651.3
11434,389292.6
11420,628883.3333333334
10312,859265.1
10304,1537968.2
11435,427559.2
10314,560235.1
10309,548416.2
11001,573971.25
11422,288732.5
10312,575760.2916666667
11423,595650.0
10314,799370.0
11214,607503.6
10471,303753.7
11367,508225.0
11355,864798.45
11420,707399.75
10306,588115.75
11365,810600.0
11370,1047614.05
10314,668642.9
11229,566254.5
10312,499137.5
11234,823141.55
10314,508885.0
10019,129688.11389351333
10303,368529.05
10022,1185927.35
10309,533381.95
11209,778317.0
11432,509075.0
11432,1898089.3
10465,550431.25
10306,481003.3333333333
10128,4204687.2
11357,987765.85
10065,665367.6
11433,434324.8
10306,532212.5
11219,1126660.45
11217,4007351.45
11369,817900.0
11207,419190.0
10309,1134212.7
11414,678050.0
10465,437135.9
10470,2067135.0
11413,452758.3333333334
10017,4724630.937195122
10308,505028.2
11201,490013.65
10473,611918.95
10312,315098.5
11374,978090.65
10473,2040910.8
10307,777642.55
11432,718172.15
10306,416800.0
11378,1082250.0
11420,595550.3
11204,916555.0
10305,469603.35
11219,551118.75
11368,1007099.9833333332
10306,550995.0
10307,457582.75
11369,532370.5
10029,827408.35
10308,2318358.5
10314,602397.35
10312,777266.6900000001
11413,603150.0
10469,323900.0
10314,359875.0
10312,436622.5
11374,598043.5
10314,710050.0
11217,899213.35
10314,576475.0
10128,1597906.15
11354,477891.85
11436,427752.5
11214,591072.45
10035,1649421.15
10312,361000.0
11236,658650.0
10306,326512.5
10310,303800.0
10305,528638.75
11230,618925.0
11427,559642.5
11414,337961.3
11206,631900.0
11354,377285.55
11235,1406202.7
10473,565315.0
11365,765200.0
10009,2529570.1
10469,527127.5
10307,549239.4
11411,328672.75
10304,1318212.95
10306,494754.1666666666
10306,516877.0
10312,331443.65
11238,1090901.85
10314,428550.0
10465,418650.0
10314,285675.0
11236,715723.7
11354,752661.4
10309,737961.35
10310,670854.3
11354,558600.0
10312,426669.25
11692,629989.4
10312,396360.75
10312,606995.0
11413,358306.45
11234,970407.5
11379,547401.8
10309,566913.6833333333
11370,1156050.0
10306,458454.7833333333
10314,414149.95
10312,664200.0
10466,373316.6666666666
11364,865844.4
10312,700100.0
11001,469750.0
10309,796132.1
11434,462362.65
10304,415281.15
11361,968700.0
10301,374846.43333333335
10314,391599.75
11234,510185.45
11223,1861390.0
11364,1023025.4
10314,631650.0
10003,888742.95
10002,4996054.4
10306,634229.2
11235,726511.55
11436,493992.0
11238,812733.05
11224,553100.0
11379,866149.5
11219,984549.95
10306,501850.0
10306,544300.0
11208,400933.3333333334
11365,867104.3
10465,326225.0
10309,826609.1
11236,520467.5
10301,523007.5
10312,402650.0
10306,442220.0
10308,503559.95
11362,953669.75
11249,934875.0
11360,692300.0
11355,937601.25
10306,529260.0
10016,844079.3
10308,499631.0
10013,3937541.95
10308,763243.45
11212,507810.4666666666
10469,784000.0
11367,752750.0
10466,392830.0
10019,6101224.687195122
11106,777733.3333333333
10310,563582.8
11433,367850.0
10304,644074.3
11429,307894.9
11364,809955.2
11354,746158.5
11378,1546731.9
10454,1437051.5
11414,677858.75
11432,732207.9
11413,617116.0
11379,623125.0
11377,4253250.0
11354,1546388.5
11354,738819.25
11422,447708.3
10473,457708.07999999996
11207,500233.25
10308,714810.0416666666
11236,471641.9
11236,681584.6
11221,947874.85
10306,584800.0
11372,1087964.55
11203,663300.0
10032,375025.8
11356,462700.0
11426,2581812.5
10312,435015.0
11364,1080850.0
10469,499625.0
11208,385100.0
11435,513014.05
11238,1534265.75
10462,515685.05
11375,755070.75
10303,335909.05
11357,554324.95
10307,835227.2
11364,896124.0
10309,639168.85
11361,1091169.95
10466,483092.5
11358,674200.0
10469,593543.15
10462,491098.05
10461,404614.85
11236,478265.6
10303,349625.65
11357,913818.95
10469,580119.6
10312,446072.0
10466,466325.0
11432,910152.25
10309,535375.0
10306,565200.0
11417,519383.3
11358,1041495.0
11365,1534610.9
11373,790017.3
10314,546281.5
11236,490305.0
11355,484214.0
10466,2042162.4
10312,714332.45
10128,1596508.1
11234,764175.0
11354,1237950.0
11363,639075.0
10306,350550.0
11209,646251.55
11224,3336250.0
10474,891334.45
10023,2949840.25
11236,3979602.15
11364,989450.0
10306,534459.9
10305,280900.0
10280,619759.35
10461,577200.0
11370,538650.0
10461,404614.85
10023,1823752.95
10307,529070.0
11236,341705.85
10032,475805.45
11357,902700.0
11234,560695.3
11434,508267.25
10461,525170.85
11433,332913.7
11428,452175.0
11377,2143500.0
10465,497393.7
10305,723614.1
11223,1345453.0
10306,480527.0
10314,639325.0
11373,1133912.5
10310,453891.35
11217,1574178.15
10312,460993.15
10011,1490507.5
10023,930300.0
10466,571600.0
10002,1648152.0
11222,1139353.4
11436,232300.0
11214,496969.2
11001,582223.5
10308,617816.85
10304,478888.75
11379,488070.0
10308,570180.0
10314,384875.0
10465,416300.0
10465,439152.5
10308,425502.5
11360,997550.0
11420,526883.3333333334
10029,800333.6
10314,597000.0
11356,758050.0
11434,436085.25
11214,1079574.95
11416,684891.9
11230,630540.0
11434,603270.4
11236,479000.0
10466,533396.25
11233,503550.6
10469,636063.9
10312,1060889.325
11234,656652.2
10314,482073.8
11413,480564.1666666667
11434,400754.31666666665
11356,695224.15
11236,511220.0
11357,822350.0
11101,1481500.0
11234,860200.0
10309,552800.95
10462,474485.0
11001,530750.0
11238,2143335.15
11412,202028.65
10461,607137.5
10469,682544.9
11373,898350.0
10021,596016.35
11237,645736.35
10304,1966849.95
10465,533373.9
10469,445800.0
10011,3282659.0
11238,577846.5
11691,431356.1
11357,720694.4
11201,1994132.4
10017,1530286.45
11412,268013.75
11235,1361145.35
11236,633900.0
11357,760750.0
11430,629587.95
11364,453550.0
10475,403252.45
11433,628527.7
10304,296439.2333333333
11223,1907846.1
10312,611431.45
10306,391705.0
10312,575900.0
10029,535619.55
10465,382634.1
11236,558205.4
11370,785225.0
11417,636096.05
11101,5705434.05
11221,1539166.8
11236,3002610.5
10309,811741.0
10467,360874.0
11411,743529.9
11365,528050.0
10303,264423.5
10312,402918.7
10309,1262458.0
11206,2606528.9
11224,796096.5
10305,1059327.0
11236,724842.3
11355,1103710.1
10463,835924.85
10012,4935748.8100000005
10312,393585.0
11378,770244.4
10304,666875.0
10128,1296069.15
11366,498990.0
10309,591962.05
10306,221000.0
11354,794700.0
10470,556350.0
11413,376640.0
11103,1272000.0
11365,952650.0
10312,487200.0
11220,483247.6
11433,440300.0
11422,1078129.75
11377,568057.5
10312,416045.0
10312,447068.1
10308,1046512.4
11236,577750.0
11413,329947.5
11379,572057.5
10002,1424481.1
11422,614924.45
10022,3752758.3
10453,442713.15
11362,1098295.8
10305,422025.0
11361,501550.0
11370,453187.95
11213,873150.0
11206,932850.0
10305,436721.75
10069,2817426.15
11204,411430.5
10461,721640.05
11414,419000.0
11236,638797.0
11414,613125.0
11238,1613517.6
11365,849125.0
10314,546050.0
10301,466130.4
11234,510306.05
10314,440521.25
10459,578437.5
10312,479538.5
11422,416195.15
11001,686750.0
11103,614262.8
10016,1491948.1
10304,1559900.0
11238,1498887.3
11004,553250.0
10306,500974.9833333333
11423,566808.75
11103,1413955.35
11360,859075.0
11235,1350199.0
10075,1486175.6
11411,525838.15
11364,915900.0
10307,685623.1
10306,1306868.45
10461,409675.0
10305,1267236.45
10314,533132.8
10472,200793.65
10312,816872.45
11204,513825.0
10306,481600.4
10465,289525.0
10469,478154.25
10308,518919.4
10312,415536.15
10305,702050.0
11234,677900.0
11249,813810.0
11236,640235.0
11358,750050.0
11236,710350.0
11434,393057.1
10305,1492297.619047619
11385,480600.0
10309,501462.45
10469,341864.95
10312,823588.8
11366,844790.0
10305,586900.0
10128,1597906.15
10465,387152.0
10469,333698.11666666664
11370,688789.55
10314,584015.0
11368,826850.0
11103,1187207.1
11360,1324269.25
11357,1052150.0
11364,828238.8
11221,752275.0
10469,489946.5
10306,548150.0
11367,588978.25
10312,264063.25
11355,516100.0
11219,619298.5
10312,687357.7
10306,467260.0
11378,705370.5
11379,901190.0
10306,522012.5
10308,409300.0
11358,1123400.0
11355,547050.0
10469,431642.5
11212,548180.5
11375,554914.3
11420,649134.6
10308,418053.35
11366,820729.3
10306,592150.0
11357,588549.9
10314,464917.35
11358,1051440.05
11360,731699.95
10306,389984.65
11691,550644.5
10306,471055.0
10312,437195.0
11432,1106575.25
11434,562211.8
11413,518213.9
11236,394954.15
11201,2233878.55
10467,448756.6
11001,503500.0
11228,707015.0
11435,430720.0
10306,414444.4
11434,708862.2
11416,1018814.55
10466,348269.6
11230,1050284.3
10308,450411.85
10475,457405.0
10312,330670.0
10305,622077.9
10463,664202.05
11372,1180400.0
10304,555119.8
11229,999250.0
10469,474342.4
10303,498840.75
10312,553744.4
10312,532950.0
10312,615106.85
10312,372165.0
10466,476609.1
10460,614563.15
10312,805584.85
11211,1509712.55
10016,776202.5
11229,723687.7
11370,1001140.0
11694,445440.0
11205,663450.0
11356,1091020.0
10463,511760.0
11375,932079.5
11419,613767.05
11224,502931.6
10303,204650.0
11364,1014005.0
11365,494645.0
10312,245690.0
11360,1678729.7
11221,707975.0
10310,344725.0
10303,303632.5
11364,776858.2
10306,648545.0
11234,572230.85
10467,471743.75
10309,543830.25
11219,755300.0
10306,551183.2
10306,564805.0
11214,988400.0
10314,591482.55
10312,561252.25
11358,976499.85
10466,296500.0
10314,547860.5
11419,727007.5
10314,419196.15
11236,430223.3
10309,394572.5
10306,364520.0
10466,585871.1
10308,508693.15
11231,1819851.0
11238,2559009.45
10307,622061.25
11364,762836.6
10304,607561.2
11420,297450.0
11355,1511430.4
11234,466854.3
10470,366075.0
10010,1480039.4166666667
11354,1137093.1
10469,529651.0
11212,758389.0
11236,829147.2
10312,461529.5
10310,486175.0
11414,527802.3
11413,447935.2666666667
11373,932129.0
10312,766125.0
10309,923758.625
10469,542449.0
10312,518178.3
11365,931943.75
10305,522505.0
10029,557337.7
11422,579704.7
11367,858750.0
10469,562712.05
10469,482349.95
10304,311841.7
11228,680125.0
11040,434400.0
11235,1061024.35
10312,387421.9
11433,351674.5
10314,308743.4333333333
10467,689109.0
10314,381959.95
11224,655444.4
11421,517250.0
10309,607769.1
10466,571475.0
11356,493700.0
11210,728945.0
10312,472287.5
11354,449965.65
10314,659460.5
10308,442525.0
10469,323666.6666666666
11201,838250.0
11222,1359007.25
11694,704741.725
11367,465350.0
11414,723868.75
11367,718375.0
11211,1298625.0
10314,331092.0
11415,794427.8
11207,603370.5
10309,449984.4
11365,500815.0
10019,129688.11389351333
10309,801090.55
11426,640600.0
11368,792826.65
11208,502999.7
11413,415383.3333333334
11375,809435.05
10305,444603.2
11434,509466.0
10307,403073.65
10312,633301.175
11420,662129.95
10314,550650.0
10470,581975.0
11361,5319232.75
11423,284250.0
10019,129688.11389351333
11364,484100.0
11694,347124.85
11378,717039.9
10466,360003.25
10309,660970.35
11420,746250.0
10306,613840.2
10314,641941.6666666667
10128,4152687.2
10019,3261927.05
11101,676191.2
10465,836900.0
11362,1782471.75
10465,490664.25
11209,465365.15
11355,1353200.0
11422,668220.25
10011,2535000.0
11212,557430.9166666666
11229,358350.0
10003,1442681.95
11421,1370202.85
10304,477767.5
11228,914894.25
10304,579331.85
10306,476698.2
11106,778654.3
10038,3340931.7
11355,951695.0
11385,534906.7
11368,1736528.0
11216,538502.7
11236,541550.0
10303,279739.85
11362,1153900.0
11205,2092418.45
11357,580500.0
10314,525725.0
11204,1336508.35
11354,1083780.65
10016,856069.65
10301,458100.0
11365,675193.0
10312,606300.0
10303,312375.0
10309,349590.55
10304,671863.5
10312,428300.0
11238,1696809.05
11365,474050.0
10312,407071.3
11235,476771.55
10314,431794.4
11427,341255.85
11215,1282134.15
10461,422200.95
10309,469036.4
10307,765438.85
10466,355188.2
11421,582114.6
10306,540000.0
11204,1753830.0
10304,798890.0
10305,636848.1
11354,504835.8
10026,1487424.1
11360,981500.0
11412,502000.0
10312,450551.5
10314,704065.2
10312,466205.1833333333
10314,515000.0
10312,385937.2
10312,411850.0
11364,794215.0
10312,912331.1
10309,521457.85
10469,387100.0
11238,1158900.0
11691,391325.3
11355,459542.7
11358,1030728.85
11423,714280.2833333333
11357,646600.0
10308,458582.0
11370,1287514.45
11379,655332.5
11379,494395.0
11101,1280752.05
11235,827000.0
11103,580026.6666666667
11691,626774.1
11433,451087.65
11101,1132795.05
11216,1121250.25
10314,612720.0
11220,945717.5
11368,1019681.1166666666
10309,351626.5
10462,2747280.6
11220,1988497.75
10309,587968.7
11369,309308.3333333334
11236,608925.0
11212,433563.3333333333
11238,1498887.3
10016,800750.0
11694,847951.775
11219,1212750.0
10314,623531.65
10304,751032.6
10308,571485.0
10469,363727.9666666667
11101,503712.45
11219,972500.0
11358,1454552.3
10010,1158072.9
11435,5608950.0
11236,752670.0
11229,700148.65
11230,1066949.8
11234,888486.4
11691,374314.45
10306,478074.75
11219,515936.2
10010,1462466.316666667
11358,1020910.4
10469,480534.0
10465,487728.35
11385,444378.75
11234,1035450.0
11377,1134706.0
11370,648000.0
10467,357600.0
11001,553450.0
11414,626793.75
10306,610494.4
10305,439200.0
10303,403754.05
11422,572625.0
10465,434975.0
11432,909275.0
11203,793275.0
10472,367640.15
10308,466350.0
10312,419035.25
11234,603178.75
11360,510887.0
11234,607341.25
10312,779840.8
11355,600850.0
11354,2349994.225
11354,797350.0
11414,560527.75
11414,540558.75
11427,902850.0
10003,4729081.45
10312,515012.5
11216,788699.25
10466,583120.75
11236,479867.45
11358,1162530.25
11436,521668.5
11354,1353357.95
10312,595749.3
10314,321625.0
11204,892280.0
11365,881369.4
11224,488700.0
11236,658950.0
11365,1013500.0
11422,340694.6666666666
10301,963100.0
10307,752994.3
10462,570125.0
10305,581327.75
11362,663850.0
10465,756699.95
11362,924250.0
11231,1262865.9
10314,663505.0
11236,742624.2
10467,486390.0
11368,1252600.0
10306,458850.0
10308,691816.85
11374,1077500.0
11355,516925.0
11691,449011.55
10312,677033.3
11360,371916.6
10309,399018.65
11365,800687.5
11212,357887.5
10457,3113631.0
11361,422272.1
11369,490500.0
10309,457220.0
11358,763900.0
11422,719600.0
10309,504762.3333333333
11379,532524.0
10462,406675.0
11691,365450.0
10469,333169.5
11422,435439.8833333334
10310,468232.75
10314,468930.5
11207,652147.9
11365,786455.6
11417,818750.0
11228,372849.95
11354,1074250.0
11101,1203143.2
11234,744110.0
11236,471808.6
10307,663999.0
11413,409593.1
11691,592880.6
11692,337512.65
11413,478514.7333333334
11414,1049293.75
11229,545058.35
10314,344850.0
10303,323068.65
11422,451313.5
11412,646876.8
11357,867900.0
11422,412338.45
11362,848437.5
10306,515472.6
10304,270127.5
11211,777516.05
11357,610850.0
11434,385765.0
11369,840201.275
11206,2816250.0
11207,290245.0
11214,1094555.0
10314,497948.55
10475,4023701.8
10466,345908.3333333333
10019,129688.11389351333
10302,280620.15
10314,241500.0
11379,619275.0
11204,664640.0
11435,565600.0
11427,692600.0
11354,1140875.0
10305,620065.3
11433,546604.1666666666
10303,282378.5
10312,253733.75
10314,650775.0
11428,506825.0
10309,331650.0
10307,740742.85
11691,452996.8
11354,1161515.0
11365,856100.0
11366,669450.0
10309,562789.4
11375,566672.45
11232,1640510.1
11691,358725.0
10314,501958.35
11379,516775.0
10465,487208.3333333333
11414,622950.0
11385,486413.45
10306,381480.95
11367,882450.0
11411,433861.6666666666
10459,550807.05
11412,399400.1
11422,497600.0
11236,515789.85
11412,597450.0
10314,653815.95
11212,821827.17
10309,465150.0
11378,563607.5
10301,577089.65
11432,569325.0
10465,440513.8
10312,326200.0
11357,649250.0
11694,855290.0
10469,546524.9
11369,645700.0
10019,1103090.85
11365,725473.6
11412,330536.1714285714
11215,1551975.7
11354,352425.0
10301,659467.85
11354,2397188.75
11234,782820.0
11358,554275.0
11379,865504.45
11354,1131529.3
10459,510861.0
11216,1071134.4
10306,499922.8
11423,547173.4166666667
10306,293775.0
11413,575271.85
11434,350287.5
10016,1721255.95
11365,911900.0
11103,903242.6
11412,200450.0
10463,928458.8
11201,2079837.7
10305,697248.95
10016,854673.2
11208,1067569.4666666666
11423,807000.0
10026,1070825.0
11366,726150.0
11414,354375.0
11217,1875540.25
11413,515950.0
10312,513756.775
10314,529930.0
10312,428203.45
10314,438900.0
10314,405004.35
11235,540250.0
11422,483250.0
11379,472275.0
11421,956394.0
10314,350730.0
11220,628507.15
10019,129688.11389351333
11355,1019563.0
10458,744243.15
11414,644712.0
11422,453858.35
10459,581661.45
11413,484370.0
10469,442025.0
10314,390450.0
11357,624931.75
11691,477955.2
10469,472334.1
10454,499150.0
10312,511145.0
11369,790654.8
10306,676084.15
11354,920300.0
10019,129688.11389351333
10303,375238.5
11001,532200.0
10312,676575.0
10305,381621.5
11357,1010540.5
10466,452229.5
11365,915439.1
10304,338700.0
11413,531200.0
10312,519847.5
10461,366200.0
10473,565564.0
11236,740120.95
10309,827414.4
11101,576176.75
10312,498150.0
11367,501150.0
10019,129688.11389351333
10306,1045779.25
10473,515753.0
10310,853800.0
11414,2242446.3
10466,432798.25
11238,2770085.0
10465,437503.15
11221,615111.8
11433,714824.05
11004,533250.0
10025,1055060.75
11366,602125.0
10452,604881.5
11362,878031.85
10466,464875.0
11208,409815.0
11691,707900.0
10471,443658.85
10312,237190.0
10306,726095.5
10466,372252.5
10469,345366.2
10032,579422.65
11102,651505.0
11412,535652.5
10467,495985.0
11219,2083000.0
10312,531041.6666666666
10309,598279.8
11365,895600.0
11357,1234494.2
10312,936527.25
10309,327103.5
11101,1707196.65
11364,601112.5
11370,675100.0
11368,947454.3
11358,440200.0
11234,437878.0
11412,574339.75
10469,533547.6666666667
10305,462848.5
11361,489625.0
11357,769600.0
10308,415875.0
11422,544516.3
10312,599000.0
11364,669545.15
10460,588750.2
11229,420173.0
11221,877651.5
11234,733010.0
11228,1132750.0
11434,497696.6166666666
11208,610200.0
10304,527150.0
10312,632951.7
11358,1029850.0
11434,518580.0
11222,2486232.2
11420,549350.0
10016,1813405.95
11004,666600.0
11413,500861.3666666666
10466,512563.5
11214,870973.65
11694,631016.225
10312,328505.85
11365,1010685.0
11362,693250.0
11207,352506.25
11365,538925.0
11357,1140169.6
11354,828900.0
10466,681367.55
11354,6324367.4
11422,474127.5
11236,629987.5
10304,320695.0
11365,1021000.0
11367,867175.0
10466,398194.99999999994
11379,911950.0
10305,457502.75
10306,466115.5
11361,929008.6
11692,407021.8
11207,355915.0
10309,397633.35
11412,721100.0
10308,435344.0
11364,818939.65
11223,584325.0
10465,632950.0
11367,620100.0
11360,944450.0
11223,803852.55
10312,557290.0
11377,1062262.5
11222,1134615.5
10312,1179311.55
11426,781500.0
10309,463750.0
11360,1010844.4
11357,1040850.0
11413,712810.0
10312,478525.0
10312,472285.0
11414,818750.0
11101,801779.7
11234,883200.0
10306,647222.05
10465,537774.55
10310,425257.3
11432,645520.95
10312,415650.0
11357,924600.0
11235,825200.0
10314,476162.65
11219,925854.4
10303,389520.2
11692,584640.65
11370,858808.2
11427,593169.4
10303,401050.0
11234,633524.85
11201,4762063.35
11411,517404.4
11106,755140.5
11229,667659.15
10458,4684396.7
10466,356689.15
10469,505393.0
10312,574491.9
11365,770025.0
11211,758904.15
11378,819394.4
11231,2722465.95
10009,2266171.3
11434,440498.0
10305,557091.65
10003,1032348.9
10314,551845.5
11212,403791.8
10309,753725.0
10451,789766.5
11416,806804.9
10312,401900.0
11434,406199.75
10312,352534.6
11414,601216.85
11422,683125.0
10312,415033.0
11355,582736.35
10309,722255.0
11374,477430.0
11366,960389.75
11370,608300.0
11414,365500.0
11224,518133.0
10314,441175.0
11236,638738.0
10457,615796.9
11354,498807.95
10017,917783.45
11234,595300.0
11355,1254616.85
11373,933942.5
11422,647907.95
11433,712184.65
11362,913218.75
10306,721950.0
10307,331460.0
11236,800225.0
11236,539875.85
11212,445237.5
11411,268350.0
11364,1226803.6
11413,369705.9
11377,638600.0
11214,684170.05
11433,444223.95
10312,717345.5
11101,1353010.8
11422,364881.8
11220,2677750.0
10312,677618.85
10305,2014060.0
11214,487032.0
11234,866075.0
11365,486610.55
11434,449160.0
11361,950550.0
10310,453891.35
11360,916350.0
11201,2636870.9
10308,708000.0
10314,1253144.75
10002,328945.6
10303,331264.35
11205,888990.0
10314,367075.0
10472,5245456.95
11357,656296.95
11103,1521247.6
10305,511486.5
11367,503400.0
10466,368350.0
10303,407076.0
10306,360767.1666666666
11235,713391.9
10309,406675.0
11207,359051.25
11691,554578.65
10314,462775.0
11363,834962.5
10469,428780.0
11211,2093650.0
10466,343614.25
11236,645030.0
11355,1087569.25
11104,5831019.2
11207,1768905.0
11361,577600.0
10466,405949.75
10025,3796960.525
11362,900965.2
11420,536217.8
10002,4574511.5600000005
10309,806414.9
10306,902094.4
10314,396740.0
11379,633311.2
10022,3794050.7
10309,418081.95
11418,760521.4
10314,527075.0
11236,663723.7
11367,777739.4
11411,329813.65
11375,1566484.25
10312,476964.9
10019,129688.11389351333
11362,606044.4
11236,410076.2
11427,534775.0
10312,568725.0
11357,578444.75
11429,468300.0
11694,1092918.75
10314,450940.6666666666
10314,553196.6
10462,452857.2
11207,388965.05
11367,525776.7
11234,581372.8
10466,363900.0
10305,464573.6
10019,129688.11389351333
11364,638150.0
10471,426237.5
11214,269395.0
10019,129688.11389351333
11236,633500.0
10302,362238.775
11369,715075.0
10312,434575.0
10309,855720.5
11369,754094.4
11433,419588.125
10314,516410.0
10312,660184.65
11368,2318262.1
11354,760335.85
11206,875793.9
11411,415045.05
10312,551515.0
11235,1108229.9
10309,3227017.2
11105,1026025.0
11234,568217.45
11236,770804.7
11412,611375.0
11360,1163381.3
11367,612532.5
11219,366859.1
11420,296792.5
10309,643653.8666666667
11411,327757.4
10312,643550.0
11212,433805.7
11691,543502.7
10019,129688.11389351333
10457,490796.55
11422,701125.0
11413,523487.55
11413,4124310.55
11414,659558.75
11413,493252.85
10308,478669.0
11434,425085.0
10467,364627.45
11357,911950.0
11411,535137.5
10463,508050.0
10465,480428.2
10019,129688.11389351333
10314,745306.4
10453,437762.4
11205,818891.6
11367,808025.0
10308,627764.5
10306,347190.0
11238,2222658.05
11355,776400.0
11207,388965.05
11370,828950.0
10306,342475.5
11365,863175.0
10016,1705116.25
10467,453175.0
10460,692113.2
10312,659700.5
10312,484270.25
10314,610600.0
10465,636934.7
11236,774500.0
10466,617575.2
11416,1566350.0
10028,2529047.95
11357,628698.4
11357,608881.85
11221,509149.3
11225,1731531.85
11368,480750.0
11236,424461.65
10304,339135.0
10019,7595383.65
10011,2241994.25
11436,591148.3333333334
11355,875875.0
10312,831800.0
10469,441675.0
10462,499700.0
10469,392356.0
11365,775935.15
11434,552400.2
11357,627875.0
10305,535240.5
10473,453299.4
10314,375995.0
11692,1780420.1
10021,741121.25
11435,765271.15
11427,277250.0
10473,398921.0
11204,986391.65
11356,1347900.0
10305,500155.8
11358,937312.95
11412,261925.0
11354,506243.9
11102,760696.65
10309,822671.2
10303,266467.6
11354,1182180.65
11212,265545.7
11234,284470.0
11354,1149665.0
10462,370808.5
10466,407416.3333333333
10019,1932622.5
10305,484258.2
11228,473086.35
10022,1532185.9
11225,946397.25
11434,1671410.0
10305,512897.35
10465,383354.0
11234,503699.6
10003,1515328.0
11004,462050.0
11411,505017.5
10312,522855.1666666666
11206,1763016.1
11215,1417156.25
11212,504859.1
11236,548359.9
11413,359841.73333333334
11356,599014.3
10010,1762612.55
11374,4891235.95
11367,733850.0
10472,581417.6
11412,441545.0
11219,1186664.95
11367,491510.0
11366,675550.0
11423,609900.0
11413,621775.0
11379,526888.8
10019,129688.11389351333
10024,4824483.15
10308,481516.85
10302,316601.6
11361,311903.75
10309,1000416.25
11412,397073.9
10069,2842781.5
10305,337807.0
11238,946025.0
11214,435371.6
11436,500980.0
11433,505800.65
11435,542922.0
10306,371933.5
10306,381180.0
10312,272005.5
11364,603875.95
11101,575822.4
10455,594946.6
10023,3608983.65
11691,559483.35
10463,323023.1
11361,808262.05
11223,747750.0
11379,928000.0
11234,573284.5
10466,455249.95
11417,602794.25
10304,1115775.5
11364,552773.15
10314,336400.0
11236,525837.95
11204,1254330.0
10474,1284103.4
11365,527260.7
11366,469250.0
11412,473281.9
11358,2471413.35
10128,1100398.75
11412,461370.0
10308,543387.45
11357,742690.9
10314,558416.9
11356,448985.7166666667
11214,603499.85
11234,558530.85
11208,3001874.4
11427,638250.0
11417,578058.3333333333
10314,524750.0
11234,592396.5
11427,522100.0
10307,642281.9
11374,422450.0
10465,389026.6
11203,534056.6666666666
10308,627116.0
11226,995175.6
10306,518835.0
10312,440318.5
10306,676464.2
11413,321641.2833333333
10312,872068.35
11230,1396644.8
11214,661229.55
11206,1518613.9666666666
10312,315795.0
10305,514244.3333333333
11364,900350.0
11355,1173220.7
10304,596425.0
10312,589150.0
10303,275050.5
10309,402473.45
11364,872500.0
10002,2699818.25
11357,805350.0
11362,666783.2
10309,748750.0
10469,602479.25
10306,541951.85
10306,382325.0
10303,292960.45
11229,489746.5
11426,574075.0
10312,271662.0
11694,1014350.0
10303,353400.4
11236,574875.0
11433,381900.0
10312,655513.95
11354,960650.0
10306,470428.3333333333
11354,441991.4
10002,593343.15
11106,1435721.75
10306,579694.4
10303,303562.7
10463,501930.0
11105,692491.2
11364,1126404.1
11379,459374.65
11236,510190.0
10469,604265.0
10128,1903577.65
11385,914781.1
11360,1059166.25
10304,264775.0
11360,1044550.0
10009,2919336.725
10314,482815.0
11374,6464488.5
11234,1019275.0
10306,731545.5
11412,269776.50000000006
10306,537395.0
10305,460798.7
11411,305158.35
10038,3848286.9
10306,415170.0
11377,638625.0
11236,298135.0
11366,504500.0
10019,129688.11389351333
10463,2424355.0
10304,327790.5666666667
10312,438125.0
11364,466543.3
10307,363100.0
11360,730725.0
11435,2656240.1
10307,813730.55
10312,469099.95
10306,311750.0
10019,129688.11389351333
11435,746750.0
11368,684066.15
11219,974200.0
10314,752633.3333333334
10309,772589.25
11422,410364.76666666666
10469,656806.3
10465,916806.6
10308,263200.0
10308,466735.2833333334
11238,931074.3
11368,838717.5
11356,743649.4
11101,647714.35
10312,1960756.6
11379,592945.0
11414,655713.85
11211,1175720.2
10314,668613.8
11369,451550.0
11364,940138.8
11379,922299.5
10307,331397.2
10305,424084.85
10461,699750.0
11433,454721.7
11215,1402133.25
11236,579183.7
10469,419950.0
10003,1125387.7
11354,617571.5
11358,442335.65
11229,484006.05
11436,307350.0
11365,720150.0
10467,518436.05
10011,1158291.1
10469,400600.0
11235,926225.0
10305,534780.0
11356,4053081.8
10305,499723.65
10309,655408.55
11433,648701.75
11366,820800.0
10305,481844.3
10465,468460.75
10471,1590375.0
11377,1431612.9
10473,385322.85
11434,620470.3
11356,871237.95
10305,380295.0
10310,553117.65
11373,1130509.1
11214,1773182.3
10314,639649.8666666667
11414,639225.0
10309,429454.9
10309,1029219.0
10312,500050.0
10306,503755.0
11236,641720.0
11414,755930.0
11354,880423.75
11101,667413.7
10314,354975.0
11207,348486.0
10306,293775.0
11234,1245185.1
11365,593475.0
11106,537453.9
11385,661129.85
10308,544783.25
11385,830050.0
11357,795249.1
11422,504188.6666666666
11429,396007.3
11040,626325.0
11412,540274.35
10312,495718.2
10314,580077.8
10305,440088.2
10469,433771.2
11357,676368.1
10306,510288.45
10312,253278.65
10023,1243765.3666666667
11234,2693002.45
10309,692050.0
11360,989065.8
11358,865210.0
10456,355165.0
10314,484161.85
11427,357025.0
11201,1997184.3
11205,570189.5
10473,434692.65
11434,492809.75
10457,760250.0
10312,416880.0
10312,489269.4
10314,385700.0
10303,426860.4166666666
10306,531226.0
10308,573426.2
11223,736425.0
10013,9027268.35
11355,1179940.0
